"query","search interest","increase percent"
"free photo ai generator",100,"120 %"
"photo ai generator free",99,"150 %"
"ai photo generator free",98,"190 %"
"free photo generator ai",98,"90 %"
"photo generator ai free",97,"250 %"
"free ai",97,"120 %"
"free ai generator",97,"140 %"
"free ai photo generator",97,"140 %"
"image generator ai",72,"-10 %"
"ai generator image",72,"-5 %"
"ai image",71,"2 %"
"image ai generator",71,"-5 %"
"ai image generator",70,"20 %"
"image generator",69,"-5 %"
"ai photo generator from photo",41,"-40 %"
"best ai photo generator",31,"10 %"
"best photo ai generator",31,"50 %"
"free ai image generator",25,"90 %"
"ai art",25,"-10 %"
"ai image generator free",25,"Breakout"
"ai art generator",25,"-40 %"
"ai photo editor",23,"30 %"
"photo editor ai",23,"50 %"
"photo editor",22,"Breakout"
"photo ai editor",22,"30 %"
"ai picture generator",19,"-30 %"
"ai video generator",17,"Breakout"
"ai image generator from photo",15,"Breakout"
"ai image generator from image",14,"-60 %"
"ai photo generator from image",14,"-40 %"
"ai photo generator app",14,"-40 %"
"chatgpt",13,"-50 %"
"ai photos",13,"-60 %"
"google ai photo generator",12,"-60 %"
"chatgpt photo generator",12,"Breakout"
"google ai",12,"-70 %"
"ai headshot photo generator",10,"Breakout"
"photo to video ai generator",10,"Breakout"
"best ai photo generator free",10,"Breakout"
"ai chat",10,"Breakout"
"best free ai photo generator",10,"Breakout"
"ai headshot generator",10,"Breakout"
"ai art generator from photo",9,"Breakout"
"ai photo to video generator",9,"Breakout"
"ai photo generator free online",9,"-60 %"
"free photo editor",9,"Breakout"
"ai photo editor free",9,"Breakout"
"free ai photo editor",9,"Breakout"
"ai text generator",8,"-70 %"
"ai face generator",7,"-90 %"